<YourStore>

<Desktop>Desktops</Desktop>
<mac>Mac (1)</mac>
<macXpath>//*[@id='content']/h2</macXpath>
<sortDDId>input-sort</sortDDId>
<addToCartXpath>
//*[@id='content']/div[2]/div/div/div[2]/div[2]/button[1]
</addToCartXpath>
<searchTextBoxName>search</searchTextBoxName>
<searchImageXpath>//*[@id='search']/span/button</searchImageXpath>
<searchCriteriaId>input-search</searchCriteriaId>
<chkDescriptionId>description</chkDescriptionId>
<searchBtnId>button-search</searchBtnId>
</YourStore>